{"ip":0,"fr":60,"v":"5.1.20","assets":[],"layers":[{"ty":4,"nm":"figure 1","ip":0,"st":0,"ind":5,"hix":1,"ks":{"o":{"a":1,"k":[{"t":0,"s":[0],"e":[0],"i":{"x":[1],"y":[1]},"o":{"x":[0],"y":[0]}},{"t":60,"s":[0],"e":[100],"i":{"x":[0.515],"y":[0.955]},"o":{"x":[0.455],"y":[0.03]}},{"t":75,"s":[100],"e":[0],"i":{"x":[0.515],"y":[0.955]},"o":{"x":[0.455],"y":[0.03]}},{"t":90}]},"or":{"a":0,"k":[0,0,0]},"a":{"a":0,"k":[24.5,58,0]},"p":{"s":true,"x":{"a":0,"k":218.89974694824218},"y":{"a":0,"k":124.15300756835937}},"rx":{"a":0,"k":0},"ry":{"a":0,"k":0},"rz":{"a":0,"k":0},"s":{"a":0,"k":[100,100,100]}},"shapes":[{"ty":"gr","nm":"figure 1 shape group","it":[{"ty":"el","p":{"a":0,"k":[29,8]},"s":{"a":0,"k":[16,16]}},{"ty":"st","o":{"a":0,"k":0},"w":{"a":0,"k":0},"c":{"a":0,"k":[0,0,0,0]},"lc":3,"lj":1,"ml":1},{"ty":"fl","o":{"a":0,"k":100},"r":2,"c":{"a":0,"k":[0.23921568627450981,0.23921568627450981,0.23921568627450981,1]}},{"ty":"tr","o":{"a":0,"k":100},"a":{"a":0,"k":[0,0]},"s":{"a":0,"k":[100,100]},"p":{"a":0,"k":[-10,0]},"r":{"a":0,"k":0}}]},{"ty":"gr","nm":"figure 1 shape group","it":[{"ty":"sh","ks":{"a":0,"k":{"c":true,"v":[[23.9057753,17.3],[32.1744774,18.8570464],[38.6936222,31.8592256],[58.1783023,43.0258224],[32.8138899,37.3]],"i":[[0,0],[0,0],[0,0],[0,0],[0,0]],"o":[[0,0],[0,0],[0,0],[0,0],[0,0]]}}},{"ty":"st","o":{"a":0,"k":100},"c":{"a":0,"k":[1,1,1,1]},"lc":3,"lj":1,"ml":1,"w":{"a":0,"k":1}},{"ty":"fl","o":{"a":0,"k":100},"r":2,"c":{"a":0,"k":[0.2,0.2,0.2,1]}},{"ty":"tr","o":{"a":0,"k":100},"a":{"a":0,"k":[0,0]},"s":{"a":0,"k":[100,100]},"p":{"a":0,"k":[-10,0]},"r":{"a":0,"k":0}}]},{"ty":"gr","nm":"figure 1 shape group","it":[{"ty":"sh","ks":{"a":0,"k":{"c":true,"v":[[22.4057753,52.2767772],[35.1111038,62.6156964],[35.2179284,52],[34.6111038,28.4532666],[23.6111038,18]],"i":[[0,0],[0,0],[0,0],[0,0],[0,0]],"o":[[0,0],[0,0],[0,0],[0,0],[0,0]]}}},{"ty":"st","o":{"a":0,"k":100},"c":{"a":0,"k":[1,1,1,1]},"lc":3,"lj":1,"ml":1,"w":{"a":0,"k":1}},{"ty":"fl","o":{"a":0,"k":100},"r":2,"c":{"a":0,"k":[0.2,0.2,0.2,1]}},{"ty":"tr","o":{"a":0,"k":100},"a":{"a":0,"k":[0,0]},"s":{"a":0,"k":[100,100]},"p":{"a":0,"k":[-10,0]},"r":{"a":0,"k":0}}]},{"ty":"gr","nm":"figure 1 shape group","it":[{"ty":"sh","ks":{"a":0,"k":{"c":true,"v":[[4.03499186,24.0926982],[11.555206,25.5357356],[18.5368264,36.7139487],[31.0349919,49.0926982],[12.9237379,40.6507128]],"i":[[0,0],[0,0],[0,0],[0,0],[0,0]],"o":[[0,0],[0,0],[0,0],[0,0],[0,0]]}}},{"ty":"st","o":{"a":0,"k":100},"c":{"a":0,"k":[1,1,1,1]},"lc":3,"lj":1,"ml":1,"w":{"a":0,"k":1}},{"ty":"fl","o":{"a":0,"k":100},"r":2,"c":{"a":0,"k":[0.6,0.6,0.6,1]}},{"ty":"tr","o":{"a":0,"k":100},"a":{"a":0,"k":[0,0]},"s":{"a":0,"k":[100,100]},"p":{"a":0,"k":[34.367,6.154]},"r":{"a":0,"k":66.97876625079324}}]},{"ty":"gr","nm":"figure 1 shape group","it":[{"ty":"sh","ks":{"a":0,"k":{"c":true,"v":[[14.5057753,115.442697],[20.7179284,80.2614029],[22.3891226,53],[35.2179284,63.4052393],[27.9679284,90.2014229]],"i":[[0,0],[0,0],[0,0],[0,0],[0,0]],"o":[[0,0],[0,0],[0,0],[0,0],[0,0]]}}},{"ty":"st","o":{"a":0,"k":100},"c":{"a":0,"k":[1,1,1,1]},"lc":3,"lj":1,"ml":1,"w":{"a":0,"k":1}},{"ty":"fl","o":{"a":0,"k":100},"r":2,"c":{"a":0,"k":[0.2,0.2,0.2,1]}},{"ty":"tr","o":{"a":0,"k":100},"a":{"a":0,"k":[0,0]},"s":{"a":0,"k":[100,100]},"p":{"a":0,"k":[-10,0]},"r":{"a":0,"k":0}}]},{"ty":"gr","nm":"figure 1 shape group","it":[{"ty":"sh","ks":{"a":0,"k":{"c":true,"v":[[28.880317,114.422946],[36.6865498,83.4986306],[39.6846627,58.0182868],[50.1835831,66.5201449],[42.9335831,93.3163285]],"i":[[0,0],[0,0],[0,0],[0,0],[0,0]],"o":[[0,0],[0,0],[0,0],[0,0],[0,0]]}}},{"ty":"st","o":{"a":0,"k":100},"c":{"a":0,"k":[1,1,1,1]},"lc":3,"lj":1,"ml":1,"w":{"a":0,"k":1}},{"ty":"fl","o":{"a":0,"k":100},"r":2,"c":{"a":0,"k":[0.6,0.6,0.6,1]}},{"ty":"tr","o":{"a":0,"k":100},"a":{"a":0,"k":[0,0]},"s":{"a":0,"k":[100,100]},"p":{"a":0,"k":[-55.451,44.093]},"r":{"a":0,"k":321.02825261180027}}]}],"op":90},{"ty":4,"nm":"figure 4","ip":0,"st":0,"ind":4,"hix":2,"ks":{"o":{"a":1,"k":[{"t":0,"s":[0],"e":[0],"i":{"x":[1],"y":[1]},"o":{"x":[0],"y":[0]}},{"t":45,"s":[0],"e":[100],"i":{"x":[0.515],"y":[0.955]},"o":{"x":[0.455],"y":[0.03]}},{"t":60,"s":[100],"e":[0],"i":{"x":[0.515],"y":[0.955]},"o":{"x":[0.455],"y":[0.03]}},{"t":75}]},"or":{"a":0,"k":[0,0,0]},"a":{"a":0,"k":[17,58,0]},"p":{"s":true,"x":{"a":0,"k":164.6992530517578},"y":{"a":0,"k":124.65299243164063}},"rx":{"a":0,"k":0},"ry":{"a":0,"k":0},"rz":{"a":0,"k":0},"s":{"a":0,"k":[100,100,100]}},"shapes":[{"ty":"gr","nm":"figure 4 shape group","it":[{"ty":"el","p":{"a":0,"k":[21,8]},"s":{"a":0,"k":[16,16]}},{"ty":"st","o":{"a":0,"k":0},"w":{"a":0,"k":0},"c":{"a":0,"k":[0,0,0,0]},"lc":3,"lj":1,"ml":1},{"ty":"fl","o":{"a":0,"k":100},"r":2,"c":{"a":0,"k":[0.23921568627450981,0.23921568627450981,0.23921568627450981,1]}},{"ty":"tr","o":{"a":0,"k":100},"a":{"a":0,"k":[0,0]},"s":{"a":0,"k":[100,100]},"p":{"a":0,"k":[1,0]},"r":{"a":0,"k":0}}]},{"ty":"gr","nm":"figure 4 shape group","it":[{"ty":"sh","ks":{"a":0,"k":{"c":true,"v":[[13.8203902,18.9614678],[5.89658326,34.3843562],[6.6635892,56.9614678],[11.9986115,38.4617293],[15.8965833,30.3304952]],"i":[[0,0],[0,0],[0,0],[0,0],[0,0]],"o":[[0,0],[0,0],[0,0],[0,0],[0,0]]}}},{"ty":"st","o":{"a":0,"k":100},"c":{"a":0,"k":[1,1,1,1]},"lc":3,"lj":1,"ml":1,"w":{"a":0,"k":1}},{"ty":"fl","o":{"a":0,"k":100},"r":2,"c":{"a":0,"k":[0.2,0.2,0.2,1]}},{"ty":"tr","o":{"a":0,"k":100},"a":{"a":0,"k":[0,0]},"s":{"a":0,"k":[100,100]},"p":{"a":0,"k":[3.675,-0.668]},"r":{"a":0,"k":4.010704565915763}}]},{"ty":"gr","nm":"figure 4 shape group","it":[{"ty":"sh","ks":{"a":0,"k":{"c":true,"v":[[13.7946715,52.2392674],[26.7946715,60.4138534],[26.5,52.9036529],[26,29.1629112],[15,18.5]],"i":[[0,0],[0,0],[0,0],[0,0],[0,0]],"o":[[0,0],[0,0],[0,0],[0,0],[0,0]]}}},{"ty":"st","o":{"a":0,"k":100},"c":{"a":0,"k":[1,1,1,1]},"lc":3,"lj":1,"ml":1,"w":{"a":0,"k":1}},{"ty":"fl","o":{"a":0,"k":100},"r":2,"c":{"a":0,"k":[0.23921568627450981,0.23921568627450981,0.23921568627450981,1]}},{"ty":"tr","o":{"a":0,"k":100},"a":{"a":0,"k":[0,0]},"s":{"a":0,"k":[100,100]},"p":{"a":0,"k":[1,0]},"r":{"a":0,"k":0}}]},{"ty":"gr","nm":"figure 4 shape group","it":[{"ty":"sh","ks":{"a":0,"k":{"c":true,"v":[[13,21],[19.9482548,38.703042],[32,59],[26.202167,36.5648596],[23.4009414,23.6478408]],"i":[[0,0],[0,0],[0,0],[0,0],[0,0]],"o":[[0,0],[0,0],[0,0],[0,0],[0,0]]}}},{"ty":"st","o":{"a":0,"k":100},"c":{"a":0,"k":[1,1,1,1]},"lc":3,"lj":1,"ml":1,"w":{"a":0,"k":1}},{"ty":"fl","o":{"a":0,"k":100},"r":2,"c":{"a":0,"k":[0.6,0.6,0.6,1]}},{"ty":"tr","o":{"a":0,"k":100},"a":{"a":0,"k":[0,0]},"s":{"a":0,"k":[100,100]},"p":{"a":0,"k":[1,0]},"r":{"a":0,"k":0}}]},{"ty":"gr","nm":"figure 4 shape group","it":[{"ty":"sh","ks":{"a":0,"k":{"c":true,"v":[[13.9922063,53.4805903],[18.2634573,83.4235232],[21.9291291,115.576477],[27.5,88.3650738],[26.7878469,61.6156964]],"i":[[0,0],[0,0],[0,0],[0,0],[0,0]],"o":[[0,0],[0,0],[0,0],[0,0],[0,0]]}}},{"ty":"st","o":{"a":0,"k":100},"c":{"a":0,"k":[1,1,1,1]},"lc":3,"lj":1,"ml":1,"w":{"a":0,"k":1}},{"ty":"fl","o":{"a":0,"k":100},"r":2,"c":{"a":0,"k":[0.23921568627450981,0.23921568627450981,0.23921568627450981,1]}},{"ty":"tr","o":{"a":0,"k":100},"a":{"a":0,"k":[0,0]},"s":{"a":0,"k":[100,100]},"p":{"a":0,"k":[1,0]},"r":{"a":0,"k":0}}]},{"ty":"gr","nm":"figure 4 shape group","it":[{"ty":"sh","ks":{"a":0,"k":{"c":true,"v":[[0.212153105,104.907983],[19.7749975,94.3069632],[32.2121531,87.6520438],[26.8684365,60.2853858],[13.7168633,51.9079827],[21.52472,80.7118919]],"i":[[0,0],[0,0],[0,0],[0,0],[0,0],[0,0]],"o":[[0,0],[0,0],[0,0],[0,0],[0,0],[0,0]]}}},{"ty":"st","o":{"a":0,"k":100},"c":{"a":0,"k":[1,1,1,1]},"lc":3,"lj":1,"ml":1,"w":{"a":0,"k":1}},{"ty":"fl","o":{"a":0,"k":100},"r":2,"c":{"a":0,"k":[0.6,0.6,0.6,1]}},{"ty":"tr","o":{"a":0,"k":100},"a":{"a":0,"k":[0,0]},"s":{"a":0,"k":[100,100]},"p":{"a":0,"k":[1,0]},"r":{"a":0,"k":0}}]}],"op":90},{"ty":4,"nm":"figure 3","ip":0,"st":0,"ind":3,"hix":3,"ks":{"o":{"a":1,"k":[{"t":0,"s":[0],"e":[0],"i":{"x":[1],"y":[1]},"o":{"x":[0],"y":[0]}},{"t":30,"s":[0],"e":[100],"i":{"x":[0.515],"y":[0.955]},"o":{"x":[0.455],"y":[0.03]}},{"t":45,"s":[100],"e":[0],"i":{"x":[0.515],"y":[0.955]},"o":{"x":[0.455],"y":[0.03]}},{"t":60}]},"or":{"a":0,"k":[0,0,0]},"a":{"a":0,"k":[23,58,0]},"p":{"s":true,"x":{"a":0,"k":122.60025305175779},"y":{"a":0,"k":124.84699926757813}},"rx":{"a":0,"k":0},"ry":{"a":0,"k":0},"rz":{"a":0,"k":0},"s":{"a":0,"k":[100,100,100]}},"shapes":[{"ty":"gr","nm":"figure 3 shape group","it":[{"ty":"el","p":{"a":0,"k":[29,8]},"s":{"a":0,"k":[16,16]}},{"ty":"st","o":{"a":0,"k":0},"w":{"a":0,"k":0},"c":{"a":0,"k":[0,0,0,0]},"lc":3,"lj":1,"ml":1},{"ty":"fl","o":{"a":0,"k":100},"r":2,"c":{"a":0,"k":[0.23921568627450981,0.23921568627450981,0.23921568627450981,1]}},{"ty":"tr","o":{"a":0,"k":100},"a":{"a":0,"k":[0,0]},"s":{"a":0,"k":[100,100]},"p":{"a":0,"k":[-10,0]},"r":{"a":0,"k":0}}]},{"ty":"gr","nm":"figure 3 shape group","it":[{"ty":"sh","ks":{"a":0,"k":{"c":true,"v":[[3.21978388,22.650529],[12.509757,24.9961612],[19.4913773,36.1743743],[31.9895428,48.5531238],[13.8782889,40.1111385]],"i":[[0,0],[0,0],[0,0],[0,0],[0,0]],"o":[[0,0],[0,0],[0,0],[0,0],[0,0]]}}},{"ty":"st","o":{"a":0,"k":100},"c":{"a":0,"k":[1,1,1,1]},"lc":3,"lj":1,"ml":1,"w":{"a":0,"k":1}},{"ty":"fl","o":{"a":0,"k":100},"r":2,"c":{"a":0,"k":[0.2,0.2,0.2,1]}},{"ty":"tr","o":{"a":0,"k":100},"a":{"a":0,"k":[0,0]},"s":{"a":0,"k":[100,100]},"p":{"a":0,"k":[33.498,5.486]},"r":{"a":0,"k":66.97876625079324}}]},{"ty":"gr","nm":"figure 3 shape group","it":[{"ty":"sh","ks":{"a":0,"k":{"c":true,"v":[[22.4057753,52.2767772],[35.1111038,62.6156964],[35.2179284,52],[34.6111038,28.4532666],[23.6111038,18]],"i":[[0,0],[0,0],[0,0],[0,0],[0,0]],"o":[[0,0],[0,0],[0,0],[0,0],[0,0]]}}},{"ty":"st","o":{"a":0,"k":100},"c":{"a":0,"k":[1,1,1,1]},"lc":3,"lj":1,"ml":1,"w":{"a":0,"k":1}},{"ty":"fl","o":{"a":0,"k":100},"r":2,"c":{"a":0,"k":[0.2,0.2,0.2,1]}},{"ty":"tr","o":{"a":0,"k":100},"a":{"a":0,"k":[0,0]},"s":{"a":0,"k":[100,100]},"p":{"a":0,"k":[-10,0]},"r":{"a":0,"k":0}}]},{"ty":"gr","nm":"figure 3 shape group","it":[{"ty":"sh","ks":{"a":0,"k":{"c":true,"v":[[39.1362635,90.5943034],[47.5542893,112.453123],[46.6409917,90.5943034],[34.5017487,62.8814908],[22.4057753,53.2767772],[21.972653,65.7043968]],"i":[[0,0],[0,0],[0,0],[0,0],[0,0],[0,0]],"o":[[0,0],[0,0],[0,0],[0,0],[0,0],[0,0]]}}},{"ty":"st","o":{"a":0,"k":100},"c":{"a":0,"k":[1,1,1,1]},"lc":3,"lj":1,"ml":1,"w":{"a":0,"k":1}},{"ty":"fl","o":{"a":0,"k":100},"r":2,"c":{"a":0,"k":[0.2,0.2,0.2,1]}},{"ty":"tr","o":{"a":0,"k":100},"a":{"a":0,"k":[0,0]},"s":{"a":0,"k":[100,100]},"p":{"a":0,"k":[-10,0]},"r":{"a":0,"k":0}}]},{"ty":"gr","nm":"figure 3 shape group","it":[{"ty":"sh","ks":{"a":0,"k":{"c":true,"v":[[22,21],[30.2687021,22.5570464],[36.7878469,35.5592256],[56.272527,46.7258224],[30.9081146,41]],"i":[[0,0],[0,0],[0,0],[0,0],[0,0]],"o":[[0,0],[0,0],[0,0],[0,0],[0,0]]}}},{"ty":"st","o":{"a":0,"k":100},"c":{"a":0,"k":[1,1,1,1]},"lc":3,"lj":1,"ml":1,"w":{"a":0,"k":1}},{"ty":"fl","o":{"a":0,"k":100},"r":2,"c":{"a":0,"k":[0.6,0.6,0.6,1]}},{"ty":"tr","o":{"a":0,"k":100},"a":{"a":0,"k":[0,0]},"s":{"a":0,"k":[100,100]},"p":{"a":0,"k":[-8.174,-2.002]},"r":{"a":0,"k":2.9793805346802804}}]},{"ty":"gr","nm":"figure 3 shape group","it":[{"ty":"sh","ks":{"a":0,"k":{"c":true,"v":[[14.5057753,115.442697],[20.7179284,80.2614029],[22.3891226,53],[35.2179284,63.4052393],[27.9679284,90.2014229]],"i":[[0,0],[0,0],[0,0],[0,0],[0,0]],"o":[[0,0],[0,0],[0,0],[0,0],[0,0]]}}},{"ty":"st","o":{"a":0,"k":100},"c":{"a":0,"k":[1,1,1,1]},"lc":3,"lj":1,"ml":1,"w":{"a":0,"k":1}},{"ty":"fl","o":{"a":0,"k":100},"r":2,"c":{"a":0,"k":[0.6,0.6,0.6,1]}},{"ty":"tr","o":{"a":0,"k":100},"a":{"a":0,"k":[0,0]},"s":{"a":0,"k":[100,100]},"p":{"a":0,"k":[-10,0]},"r":{"a":0,"k":0}}]}],"op":90},{"ty":4,"nm":"figure 2","ip":0,"st":0,"ind":2,"hix":4,"ks":{"o":{"a":1,"k":[{"t":0,"s":[0],"e":[0],"i":{"x":[1],"y":[1]},"o":{"x":[0],"y":[0]}},{"t":15,"s":[0],"e":[100],"i":{"x":[0.515],"y":[0.955]},"o":{"x":[0.455],"y":[0.03]}},{"t":30,"s":[100],"e":[0],"i":{"x":[0.515],"y":[0.955]},"o":{"x":[0.455],"y":[0.03]}},{"t":45}]},"or":{"a":0,"k":[0,0,0]},"a":{"a":0,"k":[18,58.5,0]},"p":{"s":true,"x":{"a":0,"k":72.10025305175779},"y":{"a":0,"k":125.34699243164061}},"rx":{"a":0,"k":0},"ry":{"a":0,"k":0},"rz":{"a":0,"k":0},"s":{"a":0,"k":[100,100,100]}},"shapes":[{"ty":"gr","nm":"figure 2 shape group","it":[{"ty":"el","p":{"a":0,"k":[21,8]},"s":{"a":0,"k":[16,16]}},{"ty":"st","o":{"a":0,"k":0},"w":{"a":0,"k":0},"c":{"a":0,"k":[0,0,0,0]},"lc":3,"lj":1,"ml":1},{"ty":"fl","o":{"a":0,"k":100},"r":2,"c":{"a":0,"k":[0.23921568627450981,0.23921568627450981,0.23921568627450981,1]}},{"ty":"tr","o":{"a":0,"k":100},"a":{"a":0,"k":[0,0]},"s":{"a":0,"k":[100,100]},"p":{"a":0,"k":[1,0]},"r":{"a":0,"k":0}}]},{"ty":"gr","nm":"figure 2 shape group","it":[{"ty":"sh","ks":{"a":0,"k":{"c":true,"v":[[15.3236464,18.1725704],[22.2719012,35.8756125],[34.3236464,56.1725704],[28.5258134,33.73743],[25.7245878,20.8204113]],"i":[[0,0],[0,0],[0,0],[0,0],[0,0]],"o":[[0,0],[0,0],[0,0],[0,0],[0,0]]}}},{"ty":"st","o":{"a":0,"k":100},"c":{"a":0,"k":[1,1,1,1]},"lc":3,"lj":1,"ml":1,"w":{"a":0,"k":1}},{"ty":"fl","o":{"a":0,"k":100},"r":2,"c":{"a":0,"k":[0.23921568627450981,0.23921568627450981,0.23921568627450981,1]}},{"ty":"tr","o":{"a":0,"k":100},"a":{"a":0,"k":[0,0]},"s":{"a":0,"k":[100,100]},"p":{"a":0,"k":[1,0]},"r":{"a":0,"k":0}}]},{"ty":"gr","nm":"figure 2 shape group","it":[{"ty":"sh","ks":{"a":0,"k":{"c":true,"v":[[13.7946715,52.2392674],[26.7946715,60.4138534],[26.5,52.9036529],[26,29.1629112],[15,18.5]],"i":[[0,0],[0,0],[0,0],[0,0],[0,0]],"o":[[0,0],[0,0],[0,0],[0,0],[0,0]]}}},{"ty":"st","o":{"a":0,"k":100},"c":{"a":0,"k":[1,1,1,1]},"lc":3,"lj":1,"ml":1,"w":{"a":0,"k":1}},{"ty":"fl","o":{"a":0,"k":100},"r":2,"c":{"a":0,"k":[0.23921568627450981,0.23921568627450981,0.23921568627450981,1]}},{"ty":"tr","o":{"a":0,"k":100},"a":{"a":0,"k":[0,0]},"s":{"a":0,"k":[100,100]},"p":{"a":0,"k":[1,0]},"r":{"a":0,"k":0}}]},{"ty":"gr","nm":"figure 2 shape group","it":[{"ty":"sh","ks":{"a":0,"k":{"c":true,"v":[[14.1314262,19],[7,33.2052919],[7.69030535,54],[12.4918254,36.9607671],[16,29.4714726]],"i":[[0,0],[0,0],[0,0],[0,0],[0,0]],"o":[[0,0],[0,0],[0,0],[0,0],[0,0]]}}},{"ty":"st","o":{"a":0,"k":100},"c":{"a":0,"k":[1,1,1,1]},"lc":3,"lj":1,"ml":1,"w":{"a":0,"k":1}},{"ty":"fl","o":{"a":0,"k":100},"r":2,"c":{"a":0,"k":[0.6,0.6,0.6,1]}},{"ty":"tr","o":{"a":0,"k":100},"a":{"a":0,"k":[0,0]},"s":{"a":0,"k":[100,100]},"p":{"a":0,"k":[3.574,-0.713]},"r":{"a":0,"k":4.010704565915763}}]},{"ty":"gr","nm":"figure 2 shape group","it":[{"ty":"sh","ks":{"a":0,"k":{"c":true,"v":[[0.212153105,105.907983],[19.7749975,95.3069632],[32.2121531,88.6520438],[26.8684365,61.2853858],[13.7168633,52.9079827],[21.52472,81.7118919]],"i":[[0,0],[0,0],[0,0],[0,0],[0,0],[0,0]],"o":[[0,0],[0,0],[0,0],[0,0],[0,0],[0,0]]}}},{"ty":"st","o":{"a":0,"k":100},"c":{"a":0,"k":[1,1,1,1]},"lc":3,"lj":1,"ml":1,"w":{"a":0,"k":1}},{"ty":"fl","o":{"a":0,"k":100},"r":2,"c":{"a":0,"k":[0.23921568627450981,0.23921568627450981,0.23921568627450981,1]}},{"ty":"tr","o":{"a":0,"k":100},"a":{"a":0,"k":[0,0]},"s":{"a":0,"k":[100,100]},"p":{"a":0,"k":[1,0]},"r":{"a":0,"k":0}}]},{"ty":"gr","nm":"figure 2 shape group","it":[{"ty":"sh","ks":{"a":0,"k":{"c":true,"v":[[13.9922063,54.4805903],[18.2634573,84.4235232],[21.9291291,116.576477],[27.5,89.3650738],[26.7878469,62.6156964]],"i":[[0,0],[0,0],[0,0],[0,0],[0,0]],"o":[[0,0],[0,0],[0,0],[0,0],[0,0]]}}},{"ty":"st","o":{"a":0,"k":100},"c":{"a":0,"k":[1,1,1,1]},"lc":3,"lj":1,"ml":1,"w":{"a":0,"k":1}},{"ty":"fl","o":{"a":0,"k":100},"r":2,"c":{"a":0,"k":[0.6,0.6,0.6,1]}},{"ty":"tr","o":{"a":0,"k":100},"a":{"a":0,"k":[0,0]},"s":{"a":0,"k":[100,100]},"p":{"a":0,"k":[1,0]},"r":{"a":0,"k":0}}]}],"op":90},{"ty":4,"nm":"figure 1","ip":0,"st":0,"ind":1,"hix":5,"ks":{"o":{"a":1,"k":[{"t":0,"s":[100],"e":[0],"i":{"x":[0.515],"y":[0.955]},"o":{"x":[0.455],"y":[0.03]}},{"t":15}]},"or":{"a":0,"k":[0,0,0]},"a":{"a":0,"k":[24.5,58,0]},"p":{"s":true,"x":{"a":0,"k":31.10025305175779},"y":{"a":0,"k":124.84699243164061}},"rx":{"a":0,"k":0},"ry":{"a":0,"k":0},"rz":{"a":0,"k":0},"s":{"a":0,"k":[100,100,100]}},"shapes":[{"ty":"gr","nm":"figure 1 shape group","it":[{"ty":"el","p":{"a":0,"k":[29,8]},"s":{"a":0,"k":[16,16]}},{"ty":"st","o":{"a":0,"k":0},"w":{"a":0,"k":0},"c":{"a":0,"k":[0,0,0,0]},"lc":3,"lj":1,"ml":1},{"ty":"fl","o":{"a":0,"k":100},"r":2,"c":{"a":0,"k":[0.23921568627450981,0.23921568627450981,0.23921568627450981,1]}},{"ty":"tr","o":{"a":0,"k":100},"a":{"a":0,"k":[0,0]},"s":{"a":0,"k":[100,100]},"p":{"a":0,"k":[-10,0]},"r":{"a":0,"k":0}}]},{"ty":"gr","nm":"figure 1 shape group","it":[{"ty":"sh","ks":{"a":0,"k":{"c":true,"v":[[23.9057753,17.3],[32.1744774,18.8570464],[38.6936222,31.8592256],[58.1783023,43.0258224],[32.8138899,37.3]],"i":[[0,0],[0,0],[0,0],[0,0],[0,0]],"o":[[0,0],[0,0],[0,0],[0,0],[0,0]]}}},{"ty":"st","o":{"a":0,"k":100},"c":{"a":0,"k":[1,1,1,1]},"lc":3,"lj":1,"ml":1,"w":{"a":0,"k":1}},{"ty":"fl","o":{"a":0,"k":100},"r":2,"c":{"a":0,"k":[0.2,0.2,0.2,1]}},{"ty":"tr","o":{"a":0,"k":100},"a":{"a":0,"k":[0,0]},"s":{"a":0,"k":[100,100]},"p":{"a":0,"k":[-10,0]},"r":{"a":0,"k":0}}]},{"ty":"gr","nm":"figure 1 shape group","it":[{"ty":"sh","ks":{"a":0,"k":{"c":true,"v":[[22.4057753,52.2767772],[35.1111038,62.6156964],[35.2179284,52],[34.6111038,28.4532666],[23.6111038,18]],"i":[[0,0],[0,0],[0,0],[0,0],[0,0]],"o":[[0,0],[0,0],[0,0],[0,0],[0,0]]}}},{"ty":"st","o":{"a":0,"k":100},"c":{"a":0,"k":[1,1,1,1]},"lc":3,"lj":1,"ml":1,"w":{"a":0,"k":1}},{"ty":"fl","o":{"a":0,"k":100},"r":2,"c":{"a":0,"k":[0.2,0.2,0.2,1]}},{"ty":"tr","o":{"a":0,"k":100},"a":{"a":0,"k":[0,0]},"s":{"a":0,"k":[100,100]},"p":{"a":0,"k":[-10,0]},"r":{"a":0,"k":0}}]},{"ty":"gr","nm":"figure 1 shape group","it":[{"ty":"sh","ks":{"a":0,"k":{"c":true,"v":[[4.03499186,24.0926982],[11.555206,25.5357356],[18.5368264,36.7139487],[31.0349919,49.0926982],[12.9237379,40.6507128]],"i":[[0,0],[0,0],[0,0],[0,0],[0,0]],"o":[[0,0],[0,0],[0,0],[0,0],[0,0]]}}},{"ty":"st","o":{"a":0,"k":100},"c":{"a":0,"k":[1,1,1,1]},"lc":3,"lj":1,"ml":1,"w":{"a":0,"k":1}},{"ty":"fl","o":{"a":0,"k":100},"r":2,"c":{"a":0,"k":[0.6,0.6,0.6,1]}},{"ty":"tr","o":{"a":0,"k":100},"a":{"a":0,"k":[0,0]},"s":{"a":0,"k":[100,100]},"p":{"a":0,"k":[34.367,6.154]},"r":{"a":0,"k":66.97876625079324}}]},{"ty":"gr","nm":"figure 1 shape group","it":[{"ty":"sh","ks":{"a":0,"k":{"c":true,"v":[[14.5057753,115.442697],[20.7179284,80.2614029],[22.3891226,53],[35.2179284,63.4052393],[27.9679284,90.2014229]],"i":[[0,0],[0,0],[0,0],[0,0],[0,0]],"o":[[0,0],[0,0],[0,0],[0,0],[0,0]]}}},{"ty":"st","o":{"a":0,"k":100},"c":{"a":0,"k":[1,1,1,1]},"lc":3,"lj":1,"ml":1,"w":{"a":0,"k":1}},{"ty":"fl","o":{"a":0,"k":100},"r":2,"c":{"a":0,"k":[0.2,0.2,0.2,1]}},{"ty":"tr","o":{"a":0,"k":100},"a":{"a":0,"k":[0,0]},"s":{"a":0,"k":[100,100]},"p":{"a":0,"k":[-10,0]},"r":{"a":0,"k":0}}]},{"ty":"gr","nm":"figure 1 shape group","it":[{"ty":"sh","ks":{"a":0,"k":{"c":true,"v":[[28.880317,114.422946],[36.6865498,83.4986306],[39.6846627,58.0182868],[50.1835831,66.5201449],[42.9335831,93.3163285]],"i":[[0,0],[0,0],[0,0],[0,0],[0,0]],"o":[[0,0],[0,0],[0,0],[0,0],[0,0]]}}},{"ty":"st","o":{"a":0,"k":100},"c":{"a":0,"k":[1,1,1,1]},"lc":3,"lj":1,"ml":1,"w":{"a":0,"k":1}},{"ty":"fl","o":{"a":0,"k":100},"r":2,"c":{"a":0,"k":[0.6,0.6,0.6,1]}},{"ty":"tr","o":{"a":0,"k":100},"a":{"a":0,"k":[0,0]},"s":{"a":0,"k":[100,100]},"p":{"a":0,"k":[-55.451,44.093]},"r":{"a":0,"k":321.02825261180027}}]}],"op":90}],"op":90,"w":250,"h":250}